GEOID,PORTION,CLUSTERID,TractSplit,ZIP,TRACT,RES_RATIO,BUS_RATIO,OTH_RATIO,TOT_RATIO
11001000100,1,4,1,20008,11001000100,0,0.0028301887,0,0.0001546232
11001000100,1,4,1,20027,11001000100,1,1,1,1
11001000100,1,4,1,20007,11001000100,0.1978553876,0.368505624,0.233460076,0.2198543134
11001000201,1,4,1,20007,11001000201,0.0010425199,0.0048205678,0,0.0013846246
11001000201,1,4,1,20057,11001000201,0,0.5,0,0.5
11001000202,1,4,1,20057,11001000202,0,0.5,0,0.5
11001000202,1,4,1,20007,11001000202,0.1566013851,0.4231387252,0.1771863118,0.1881885498
11001000300,1,4,1,20007,11001000300,0.2054508899,0.0433851098,0.2410646388,0.190054783
11001000400,0.348,15,0.348,20007,11001000400,0.0349244173,0.0894483128,0.0144486692,0.0394317019
11001000400,0.348,15,0.348,20008,11001000400,0.0113387595,0.0160377358,0,0.0112874961
11001000400,0.348,15,0.348,20016,11001000400,0.0001166657,0.0068493151,0.0027210884,0.0006773656
11001000400,0.348,15,0.348,20392,11001000400,0,0,1,1
11001000400,0.003,42,0.003,20007,11001000400,0.0349244173,0.0894483128,0.0144486692,0.0394317019
11001000400,0.003,42,0.003,20008,11001000400,0.0113387595,0.0160377358,0,0.0112874961
11001000400,0.003,42,0.003,20016,11001000400,0.0001166657,0.0068493151,0.0027210884,0.0006773656
11001000400,0.003,42,0.003,20392,11001000400,0,0,1,1
11001000400,0.649,14,0.649,20007,11001000400,0.0349244173,0.0894483128,0.0144486692,0.0394317019
11001000400,0.649,14,0.649,20008,11001000400,0.0113387595,0.0160377358,0,0.0112874961
11001000400,0.649,14,0.649,20016,11001000400,0.0001166657,0.0068493151,0.0027210884,0.0006773656
11001000400,0.649,14,0.649,20392,11001000400,0,0,1,1
11001000501,1,15,1,20008,11001000501,0.1046870615,0.1066037736,0.1366223909,0.1056592104
11001000502,1,15,1,20008,11001000502,0.1023856301,0.0783018868,0.1461100569,0.1022574992
11001000600,0.861,15,0.861,20008,11001000600,0.1287117598,0.2735849057,0.1480075901,0.1371508092
11001000600,0.861,15,0.861,20016,11001000600,0.1052324564,0.2633181126,0.0285714286,0.11312005
11001000600,0.139,12,0.139,20008,11001000600,0.1287117598,0.2735849057,0.1480075901,0.1371508092
11001000600,0.139,12,0.139,20016,11001000600,0.1052324564,0.2633181126,0.0285714286,0.11312005
11001000701,1,14,1,20007,11001000701,0.0501898876,0.0026780932,0.0129277567,0.0418999458
11001000701,1,14,1,20016,11001000701,0.1598903342,0.0220700152,0.0816326531,0.1474572739
11001000702,1,14,1,20007,11001000702,0.1831111773,0.0096411355,0.1634980989,0.1620612847
11001000801,0.455,13,0.455,20007,11001000801,0.0613597438,0.0294590252,0.0380228137,0.0559267955
11001000801,0.455,13,0.455,20016,11001000801,0.1314239048,0.0928462709,0.1632653061,0.1300020842
11001000801,0.545,14,0.545,20007,11001000801,0.0613597438,0.0294590252,0.0380228137,0.0559267955
11001000801,0.545,14,0.545,20016,11001000801,0.1314239048,0.0928462709,0.1632653061,0.1300020842
11001000802,1,13,1,20007,11001000802,0.1094645916,0.0289234065,0.119391635,0.1011980013
11001000901,1,13,1,20016,11001000901,0.191681736,0.0936073059,0.0476190476,0.1794497707
11001000902,1,13,1,20016,11001000902,0.0510412413,0.0753424658,0.0299319728,0.0518966236
11001001001,1,11,1,20016,11001001001,0.1597153357,0.1742770167,0.1020408163,0.1585035431
11001001001,1,11,1,20015,11001001001,0.0153020134,0.1238615665,0.2307692308,0.0260794686
11001001001,1,11,1,20047,11001001001,0,1,0,1
11001001001,1,11,1,20076,11001001001,0,1,1,1
11001001002,0.982,14,0.982,20016,11001001002,0.1399988333,0.0859969559,0.4476190476,0.1480825344
11001001002,0.018,11,0.018,20016,11001001002,0.1399988333,0.0859969559,0.4476190476,0.1480825344
11001001100,0.441,11,0.441,20008,11001001100,0.0127982038,0.0179245283,0.0151802657,0.013142975
11001001100,0.441,11,0.441,20016,11001001100,0.0218164849,0.1590563166,0.0721088435,0.0331388078
11001001100,0.441,11,0.441,20015,11001001100,0.2704697987,0.7905282332,0.3846153846,0.3074178866
11001001100,0.542,10,0.542,20008,11001001100,0.0127982038,0.0179245283,0.0151802657,0.013142975
11001001100,0.542,10,0.542,20016,11001001100,0.0218164849,0.1590563166,0.0721088435,0.0331388078
11001001100,0.542,10,0.542,20015,11001001100,0.2704697987,0.7905282332,0.3846153846,0.3074178866
11001001100,0.017,12,0.017,20008,11001001100,0.0127982038,0.0179245283,0.0151802657,0.013142975
11001001100,0.017,12,0.017,20016,11001001100,0.0218164849,0.1590563166,0.0721088435,0.0331388078
11001001100,0.017,12,0.017,20015,11001001100,0.2704697987,0.7905282332,0.3846153846,0.3074178866
11001001200,0.334,11,0.334,20016,11001001200,0.0390830076,0.0266362253,0.0244897959,0.0376719466
11001001200,0.334,11,0.334,20008,11001001200,0.1103564412,0.0745283019,0.0740037951,0.1074116071
11001001200,0.666,12,0.666,20016,11001001200,0.0390830076,0.0266362253,0.0244897959,0.0376719466
11001001200,0.666,12,0.666,20008,11001001200,0.1103564412,0.0745283019,0.0740037951,0.1074116071
11001001301,1,12,1,20015,11001001301,0.0017449664,0.0036429872,0,0.0018452454
11001001301,1,12,1,20008,11001001301,0.1219197306,0.0367924528,0.0303605313,0.1147819812
11001001302,0.467,15,0.467,20008,11001001302,0.2937973618,0.2339622642,0.2732447818,0.2899701062
11001001302,0.533,12,0.533,20008,11001001302,0.2937973618,0.2339622642,0.2732447818,0.2899701062
11001001401,1,10,1,20015,11001001401,0.1993288591,0.0510018215,0.2538461538,0.1901832944
11001001402,1,10,1,20015,11001001402,0.186442953,0.0182149362,0.1,0.173699102
11001001402,1,10,1,20008,11001001402,0.0021891664,0.0198113208,0.0037950664,0.0031955469
11001001500,1,10,1,20015,11001001500,0.3267114094,0.0127504554,0.0307692308,0.3007750031
11001001600,1,16,1,20012,11001001600,0.2803568478,0.3719512195,0.1489361702,0.2815292222
11001001702,0.292,19,0.292,20011,11001001702,0.0029618083,0.0110294118,0.0023191095,0.0032175477
11001001702,0.292,19,0.292,20012,11001001702,0.2083264497,0.406504065,0.2836879433,0.2257214003
11001001702,0.708,17,0.708,20011,11001001702,0.0029618083,0.0110294118,0.0023191095,0.0032175477
11001001702,0.708,17,0.708,20012,11001001702,0.2083264497,0.406504065,0.2836879433,0.2257214003
11001001803,1,17,1,20011,11001001803,0.0477007015,0.0082720588,0.0380333952,0.0454954332
11001001803,1,17,1,20012,11001001803,0.0692218735,0.0020325203,0.0992907801,0.0656217958
11001001804,1,17,1,20011,11001001804,0.047817615,0.0477941176,0.0737476809,0.0497508995
11001001804,1,17,1,20012,11001001804,0.1511647117,0.0528455285,0.2163120567,0.1467701772
11001001901,1,17,1,20012,11001001901,0.0472492979,0.012195122,0,0.0427713491
11001001901,1,17,1,20011,11001001901,0.0510132502,0.0634191176,0.0329313544,0.0501314697
11001001901,1,17,1,20040,11001001901,1,1,1,1
11001001902,1,17,1,20011,11001001902,0.0308651598,0.0441176471,0.008812616,0.02971907
11001001902,1,17,1,20012,11001001902,0.0112340988,0.0020325203,0.0141843972,0.0106928373
11001002001,1,18,1,20011,11001002001,0.0425565082,0.0202205882,0.0570500928,0.0427968447
11001002002,1,18,1,20011,11001002002,0.0573265783,0.0909926471,0.0296846011,0.0565319679
11001002101,1,18,1,20011,11001002101,0.0838659392,0.1470588235,0.0802411874,0.0859742596
11001002102,0.535,18,0.535,20011,11001002102,0.085035074,0.1121323529,0.1252319109,0.0890534182
11001002102,0.358,17,0.358,20011,11001002102,0.085035074,0.1121323529,0.1252319109,0.0890534182
11001002102,0.107,19,0.107,20011,11001002102,0.085035074,0.1121323529,0.1252319109,0.0890534182
11001002201,1,18,1,20011,11001002201,0.0456742011,0.0257352941,0.0074211503,0.0420703017
11001002202,0.268,19,0.268,20011,11001002202,0.0573655495,0.0110294118,0.1289424861,0.0609604207
11001002202,0.732,18,0.732,20011,11001002202,0.0573655495,0.0110294118,0.1289424861,0.0609604207
11001002301,1,18,1,20011,11001002301,0.0446219797,0.0211397059,0.0166975881,0.0416551342
11001002302,1,21,1,20017,11001002302,0.0671011344,0.01453958,0.0774410774,0.0643225603
11001002302,1,21,1,20010,11001002302,0,0.1043956044,0.0019392372,0.0057680989
11001002302,1,21,1,20422,11001002302,0,0.5,0,0.5
11001002400,1,18,1,20011,11001002400,0.0524941543,0.0891544118,0.043135436,0.053176031
11001002400,1,18,1,20010,11001002400,0.0053670956,0.0230769231,0.0103425986,0.0067686875
11001002501,1,18,1,20011,11001002501,0.0387763055,0.0744485294,0.0329313544,0.0396830888
11001002502,1,18,1,20011,11001002502,0.0795791115,0.0863970588,0.0756029685,0.0795391641
11001002502,1,18,1,20010,11001002502,0.0270419046,0.032967033,0.025210084,0.0271924662
11001002502,1,18,1,20542,11001002502,0,1,1,1
11001002600,1,18,1,20010,11001002600,0.0000688089,0,0,0.0000588582
11001002600,1,18,1,20011,11001002600,0.0389711613,0.015625,0.0013914657,0.0352892333
11001002701,1,2,1,20010,11001002701,0.1932842496,0.0813186813,0.1512605042,0.1834608593
11001002702,1,2,1,20010,11001002702,0.1324571664,0.0945054945,0.1409179056,0.1311948205
11001002702,1,2,1,20009,11001002702,0.0121984186,0.0081716037,0.0055068836,0.0112245759
11001002801,1,2,1,20010,11001002801,0.1277093511,0.0582417582,0.058177117,0.1176574456
11001002802,1,2,1,20010,11001002802,0.0827771279,0.1076923077,0.0808015514,0.0839317245
11001002802,1,2,1,20009,11001002802,0.0307832669,0.0127681307,0.0157697121,0.0281036374
11001002900,1,2,1,20010,11001002900,0.1146356568,0.1241758242,0.2171945701,0.1244849912
11001003000,1,2,1,20010,11001003000,0.0648180004,0.0516483516,0.0995475113,0.0672748676
11001003000,1,2,1,20009,11001003000,0.019902683,0.0035750766,0.0337922403,0.0205643233
11001003000,1,2,1,20001,11001003000,0.0017738147,0,0.007316134,0.0021761094
11001003100,1,2,1,20010,11001003100,0.065162045,0.1065934066,0.0859728507,0.0692760447
11001003100,1,2,1,20001,11001003100,0.0156766863,0.0057067603,0.0103966115,0.0142612886
11001003200,1,2,1,20001,11001003200,0.0093964236,0.0057067603,0.0038505968,0.0085101422
11001003200,1,2,1,20010,11001003200,0.1866785935,0.2153846154,0.1286360698,0.182931136
11001003301,1,21,1,20002,11001003301,0.0024440487,0.0004329004,0.0024808766,0.0023192131
11001003301,1,21,1,20001,11001003301,0.0660146699,0.0048287972,0.1062764729,0.0646615373
11001003301,1,21,1,20422,11001003301,0,0.5,0,0.5
11001003302,1,21,1,20002,11001003302,0.0016410042,0.0069264069,0.0049617532,0.0024309825
11001003302,1,21,1,20001,11001003302,0.043961839,0.0109745391,0.0881786677,0.0455040025
11001003400,0.777,3,0.777,20001,11001003400,0.0634258593,0.0390693591,0.0781671159,0.0627574415
11001003400,0.777,3,0.777,20060,11001003400,0,1,0,1
11001003400,0.777,3,0.777,20059,11001003400,0,0.9268292683,0,0.9268292683
11001003400,0.175,2,0.175,20001,11001003400,0.0634258593,0.0390693591,0.0781671159,0.0627574415
11001003400,0.175,2,0.175,20060,11001003400,0,1,0,1
11001003400,0.175,2,0.175,20059,11001003400,0,0.9268292683,0,0.9268292683
11001003400,0.047,21,0.047,20001,11001003400,0.0634258593,0.0390693591,0.0781671159,0.0627574415
11001003400,0.047,21,0.047,20060,11001003400,0,1,0,1
11001003400,0.047,21,0.047,20059,11001003400,0,0.9268292683,0,0.9268292683
11001003500,0.459,3,0.459,20059,11001003500,0,0.0243902439,0,0.0243902439
11001003500,0.459,3,0.459,20001,11001003500,0.053070617,0.0412642669,0.0527531767,0.0519934717
11001003500,0.541,2,0.541,20059,11001003500,0,0.0243902439,0,0.0243902439
11001003500,0.541,2,0.541,20001,11001003500,0.053070617,0.0412642669,0.0527531767,0.0519934717
11001003600,1,2,1,20009,11001003600,0.0799486382,0.0143003064,0.07359199,0.0756181956
11001003600,1,2,1,20001,11001003600,0.0019176375,0.0013169447,0.0007701194,0.0017486594
11001003700,1,2,1,20009,11001003700,0.0983645334,0.0316649642,0.0708385482,0.0915970405
11001003800,1,1,1,20009,11001003800,0.0975535582,0.1113381001,0.110387985,0.0997552536
11001003800,1,1,1,20441,11001003800,0,1,0,1
11001003900,1,1,1,20009,11001003900,0.107150098,0.0449438202,0.0573216521,0.098123611
11001004001,1,1,1,20009,11001004001,0.0750152058,0.0255362615,0.0933667084,0.074352266
11001004001,1,1,1,20008,11001004001,0.0083637384,0.0037735849,0.0113851992,0.0081950314
11001004002,1,1,1,20009,11001004002,0.0859971616,0.1670071502,0.0688360451,0.0885306777
11001004002,1,1,1,20235,11001004002,0,1,0,1
11001004100,0.027,6,0.027,20008,11001004100,0.0840303115,0.120754717,0.1461100569,0.0877229152
11001004100,0.027,6,0.027,20037,11001004100,0,0.0010695187,0,0.0000968992
11001004100,0.027,6,0.027,20009,11001004100,0.0015543691,0.0091930541,0.0025031289,0.0020817509
11001004100,0.973,1,0.973,20008,11001004100,0.0840303115,0.120754717,0.1461100569,0.0877229152
11001004100,0.973,1,0.973,20037,11001004100,0,0.0010695187,0,0.0000968992
11001004100,0.973,1,0.973,20009,11001004100,0.0015543691,0.0091930541,0.0025031289,0.0020817509
11001004201,1,6,1,20009,11001004201,0.0759613435,0.0628192033,0.0863579474,0.0764058852
11001004202,1,6,1,20009,11001004202,0.0654862472,0.1547497446,0.1046307885,0.0748023743
11001004202,1,6,1,20036,11001004202,0,0.0077907624,0.0141342756,0.004137931
11001004300,0.565,6,0.565,20009,11001004300,0.0678515915,0.0919305414,0.0570713392,0.0679663544
11001004300,0.565,6,0.565,20056,11001004300,1,1,1,1
11001004300,0.435,3,0.435,20009,11001004300,0.0678515915,0.0919305414,0.0570713392,0.0679663544
11001004300,0.435,3,0.435,20056,11001004300,1,1,1,1
11001004400,1,3,1,20059,11001004400,0,0.0243902439,0,0.0243902439
11001004400,1,3,1,20009,11001004400,0.0564979388,0.1041879469,0.0583229036,0.0593299013
11001004400,1,3,1,20001,11001004400,0.047030059,0.0610184372,0.0762418175,0.0512162897
11001004600,1,21,1,20001,11001004600,0.0842801668,0.0548726953,0.1120523681,0.0844796767
11001004600,1,21,1,20002,11001004600,0.0012220244,0.0112554113,0.0024808766,0.0020397899
11001004600,1,21,1,20226,11001004600,0,0.0909090909,0,0.0909090909
11001004701,1,8,1,20532,11001004701,0,1,0,1
11001004701,1,8,1,20002,11001004701,0.0178066408,0.0021645022,0.0008269589,0.0145020677
11001004701,1,8,1,20001,11001004701,0.1208111607,0.0386303775,0.014632268,0.1028211704
11001004702,1,8,1,20001,11001004702,0.0630902728,0.0566286216,0.014632268,0.0576280407
11001004702,1,8,1,20536,11001004702,0,0.5113636364,0,0.4787234043
11001004702,1,8,1,20211,11001004702,0,1,0,1
11001004702,1,8,1,20529,11001004702,0,0.36,0.25,0.3518518519
11001004702,1,8,1,20538,11001004702,0,1,0,1
11001004702,1,8,1,20401,11001004702,0,1,0,1
11001004801,0.872,7,0.872,20001,11001004801,0.0554676638,0.0434591747,0.0827878321,0.0571617316
11001004801,0.128,3,0.128,20001,11001004801,0.0554676638,0.0434591747,0.0827878321,0.0571617316
11001004802,0.571,7,0.571,20001,11001004802,0.0910398389,0.0307287094,0.1343858298,0.0900753866
11001004802,0.429,8,0.429,20001,11001004802,0.0910398389,0.0307287094,0.1343858298,0.0900753866
11001004901,1,7,1,20001,11001004901,0.0437221343,0.0342405619,0.0643049673,0.0449599751
11001004902,0.579,8,0.579,20001,11001004902,0.0759863848,0.0509218613,0.0612244898,0.0722779203
11001004902,0.421,7,0.421,20001,11001004902,0.0759863848,0.0509218613,0.0612244898,0.0722779203
11001005001,1,7,1,20001,11001005001,0.002253224,0.0013169447,0.0034655372,0.0022926867
11001005001,1,7,1,20009,11001005001,0.0210515645,0.0117466803,0.0465581977,0.023405632
11001005001,1,7,1,20005,11001005001,0.0307427711,0.0065766701,0.0953038674,0.0289563332
11001005002,0.266,8,0.266,20001,11001005002,0.009060837,0.0048287972,0.0115517905,0.0089375923
11001005002,0.266,8,0.266,20005,11001005002,0.3927765237,0.0342679128,0.3149171271,0.3082223599
11001005002,0.734,7,0.734,20001,11001005002,0.009060837,0.0048287972,0.0115517905,0.0089375923
11001005002,0.734,7,0.734,20005,11001005002,0.3927765237,0.0342679128,0.3149171271,0.3082223599
11001005201,0.78,7,0.78,20009,11001005201,0.0364600933,0.0296220633,0.0372966208,0.0361774552
11001005201,0.78,7,0.78,20038,11001005201,1,1,1,1
11001005201,0.78,7,0.78,20005,11001005201,0.3343007632,0.057113188,0.229281768,0.2664137504
11001005201,0.78,7,0.78,20036,11001005201,0.0059471366,0.0033388982,0.0141342756,0.0054022989
11001005201,0.22,6,0.22,20009,11001005201,0.0364600933,0.0296220633,0.0372966208,0.0361774552
11001005201,0.22,6,0.22,20038,11001005201,1,1,1,1
11001005201,0.22,6,0.22,20005,11001005201,0.3343007632,0.057113188,0.229281768,0.2664137504
11001005201,0.22,6,0.22,20036,11001005201,0.0059471366,0.0033388982,0.0141342756,0.0054022989
11001005301,1,6,1,20009,11001005301,0.062647834,0.062308478,0.0603254068,0.0623681323
11001005301,1,6,1,20036,11001005301,0.3374449339,0.0570395103,0.2367491166,0.2150574713
11001005500,0.587,5,0.587,20008,11001005500,0.0194218355,0.0150943396,0.0151802657,0.0190701989
11001005500,0.587,5,0.587,20009,11001005500,0.0055754545,0.0541368744,0.0175219024,0.0095929333
11001005500,0.587,5,0.587,20037,11001005500,0.3772036811,0.407486631,0.5355191257,0.3855620155
11001005500,0.587,5,0.587,20036,11001005500,0.2262114537,0.0589872009,0.2120141343,0.1562068966
11001005500,0.413,6,0.413,20008,11001005500,0.0194218355,0.0150943396,0.0151802657,0.0190701989
11001005500,0.413,6,0.413,20009,11001005500,0.0055754545,0.0541368744,0.0175219024,0.0095929333
11001005500,0.413,6,0.413,20037,11001005500,0.3772036811,0.407486631,0.5355191257,0.3855620155
11001005500,0.413,6,0.413,20036,11001005500,0.2262114537,0.0589872009,0.2120141343,0.1562068966
11001005600,1,5,1,20037,11001005600,0.5509479987,0.2983957219,0.3005464481,0.5191860465
11001005600,1,5,1,20052,11001005600,0.0361445783,0.0555555556,0,0.0431654676
11001005800,1,8,1,20530,11001005800,0,0.25,0,0.25
11001005800,1,8,1,20413,11001005800,0,1,0,1
11001005800,1,8,1,20412,11001005800,0,1,0,1
11001005800,1,8,1,20472,11001005800,0,0.303030303,0.1428571429,0.275
11001005800,1,8,1,20221,11001005800,0,0.5,0,0.5
11001005800,1,8,1,20073,11001005800,0,1,0,1
11001005800,1,8,1,20560,11001005800,0,0.2,0,0.2
11001005800,1,8,1,20223,11001005800,0,0.1666666667,0,0.1666666667
11001005800,1,8,1,20527,11001005800,0,0,1,1
11001005800,1,8,1,20049,11001005800,0,1,0,1
11001005800,1,8,1,20536,11001005800,0,0.4545454545,0.8333333333,0.4787234043
11001005800,1,8,1,20270,11001005800,0,1,0,1
11001005800,1,8,1,20528,11001005800,0,1,1,1
11001005800,1,8,1,20436,11001005800,0,1,0,1
11001005800,1,8,1,20539,11001005800,0,1,0,1
11001005800,1,8,1,20229,11001005800,0,0.1682242991,0.25,0.1764705882
11001005800,1,8,1,20239,11001005800,0,1,1,1
11001005800,1,8,1,20055,11001005800,0,1,0,1
11001005800,1,8,1,20549,11001005800,0,0.5,1,0.9886363636
11001005800,1,8,1,20220,11001005800,0,0.8,1,0.8571428571
11001005800,1,8,1,20463,11001005800,0,0,1,1
11001005800,1,8,1,20226,11001005800,0,0.5454545455,0,0.5454545455
11001005800,1,8,1,20579,11001005800,0,1,0,1
11001005800,1,8,1,20535,11001005800,0,0.5,0,0.5
11001005800,1,8,1,20577,11001005800,0,0.6666666667,0,0.6666666667
11001005800,1,8,1,20091,11001005800,1,1,1,1
11001005800,1,8,1,20059,11001005800,0,0.0243902439,0,0.0243902439
11001005800,1,8,1,20001,11001005800,0.0345174745,0.2335381914,0.0408163265,0.0527706536
11001005800,1,8,1,20005,11001005800,0,0.188992731,0.0732044199,0.0463765872
11001005800,1,8,1,20004,11001005800,1,0.8883928571,0.9612403101,0.9548140424
11001005900,1,8,1,20001,11001005900,0.1095929814,0.2282704126,0.0308047747,0.1121473537
11001005900,1,8,1,20548,11001005900,0,1,0,1
11001005900,1,8,1,20535,11001005900,0,0.5,0,0.5
11001005900,1,8,1,20226,11001005900,0,0.0909090909,0,0.0909090909
11001005900,1,8,1,20534,11001005900,0,1,0,1
11001005900,1,8,1,20221,11001005900,0,0.5,0,0.5
11001005900,1,8,1,20529,11001005900,0,0.48,0.5,0.4814814815
11001005900,1,8,1,20217,11001005900,0,1,0,1
11001005900,1,8,1,20442,11001005900,0,1,0,1
11001005900,1,8,1,20208,11001005900,0,1,0,1
11001006202,1,45,1,20372,11001006202,0,0,1,1
11001006202,1,45,1,20229,11001006202,0,0.5607476636,0.25,0.5294117647
11001006202,1,45,1,20418,11001006202,0,1,0,1
11001006202,1,45,1,20241,11001006202,0,1,0,1
11001006202,1,45,1,20503,11001006202,0,0,0.25,0.25
11001006202,1,45,1,20227,11001006202,0,1,0,1
11001006202,1,45,1,20222,11001006202,0,1,0,1
11001006202,1,45,1,20408,11001006202,0,1,0,1
11001006202,1,45,1,20224,11001006202,0,1,0,1
11001006202,1,45,1,20201,11001006202,0,0.3333333333,0,0.3333333333
11001006202,1,45,1,20506,11001006202,0,1,0,1
11001006202,1,45,1,20504,11001006202,0,1,0,1
11001006202,1,45,1,20560,11001006202,0,0.8,0,0.8
11001006202,1,45,1,20523,11001006202,0,1,0,1
11001006202,1,45,1,20543,11001006202,0,1,0,1
11001006202,1,45,1,20557,11001006202,0,1,1,1
11001006202,1,45,1,20374,11001006202,0,0.0183486239,0,0.017699115
11001006202,1,45,1,20551,11001006202,0,1,0,1
11001006202,1,45,1,20541,11001006202,0,1,1,1
11001006202,1,45,1,20540,11001006202,0,1,1,1
11001006202,1,45,1,20510,11001006202,0,1,1,1
11001006202,1,45,1,20220,11001006202,0,0.2,0,0.1428571429
11001006202,1,45,1,20530,11001006202,0,0.5,0,0.5
11001006202,1,45,1,20250,11001006202,0,1,1,1
11001006202,1,45,1,20522,11001006202,0,1,1,1
11001006202,1,45,1,20520,11001006202,0,1,1,1
11001006202,1,45,1,20245,11001006202,0,1,0,1
11001006202,1,45,1,20515,11001006202,0,0,0.9935064935,0.9935064935
11001006202,1,45,1,20509,11001006202,0,0,1,1
11001006202,1,45,1,20216,11001006202,0,1,0,1
11001006202,1,45,1,20215,11001006202,0,1,0,1
11001006202,1,45,1,20500,11001006202,0,1,1,1
11001006202,1,45,1,20559,11001006202,0,1,1,1
11001006202,1,45,1,20213,11001006202,0,1,0,1
11001006202,1,45,1,20566,11001006202,0,1,0,1
11001006202,1,45,1,20460,11001006202,0,1,1,1
11001006202,1,45,1,20242,11001006202,0,0.6,0,0.6
11001006202,1,45,1,20575,11001006202,0,1,0,1
11001006202,1,45,1,20230,11001006202,0,0.5,0,0.5
11001006202,1,45,1,20565,11001006202,0,1,0,1
11001006202,1,45,1,20210,11001006202,0,1,0,1
11001006202,1,45,1,20521,11001006202,0,1,0,1
11001006202,1,45,1,20580,11001006202,0,1,0,1
11001006202,1,45,1,20045,11001006202,0,1,1,1
11001006202,1,45,1,20024,11001006202,0,0.0086862106,0,0.0006415911
11001006202,1,45,1,20002,11001006202,0,0.0008658009,0,0.0000558847
11001006202,1,45,1,20006,11001006202,0,0.001459144,0.0138248848,0.0018732438
11001006202,1,45,1,20005,11001006202,0,0.0006922811,0.0013812155,0.0002322701
11001006202,1,45,1,20044,11001006202,1,1,1,1
11001006202,1,45,1,20004,11001006202,0,0.1116071429,0.0387596899,0.0451859576
11001006202,1,45,1,20037,11001006202,0,0.0010695187,0,0.0000968992
11001006400,1,9,1,20003,11001006400,0.0009997144,0.0086893555,0.001121705,0.0016309413
11001006400,1,9,1,20024,11001006400,0.1025802391,0.0477741585,0.3623529412,0.1073863181
11001006400,1,9,1,20536,11001006400,0,0.0340909091,0.1666666667,0.0425531915
11001006400,1,9,1,20319,11001006400,0,0.0238095238,0,0.0142857143
11001006400,1,9,1,20593,11001006400,0,1,1,1
11001006500,1,26,1,20003,11001006500,0.1046129677,0.1339608979,0.1822770611,0.1150396086
11001006600,1,26,1,20003,11001006600,0.1208226221,0.2773352643,0.136848009,0.1350768872
11001006700,1,26,1,20003,11001006700,0.1310339903,0.0144822592,0.1497476164,0.1236020503
11001006801,1,26,1,20003,11001006801,0.0667666381,0.0101375815,0.0695457095,0.0625
11001006802,1,26,1,20003,11001006802,0.0720508426,0.0123099203,0.0521592821,0.0651794035
11001006804,1,26,1,20003,11001006804,0.0017852042,0.0094134685,0.0005608525,0.0022716682
11001006804,1,26,1,20002,11001006804,0.0005237247,0.0004329004,0,0.0004470772
11001006900,1,26,1,20003,11001006900,0.0860468438,0.0680666184,0.1099270892,0.0870806151
11001007000,1,26,1,20003,11001007000,0.0873321908,0.1520637219,0.1233875491,0.0962837838
11001007000,1,26,1,20390,11001007000,0,0,1,1
11001007100,1,26,1,20003,11001007100,0.1071122536,0.0897900072,0.1054402692,0.1055452004
11001007200,1,27,1,20003,11001007200,0.1958011997,0.1679942071,0.0358945597,0.1769571295
11001007200,1,27,1,20398,11001007200,0,1,0,1
11001007200,1,27,1,20303,11001007200,0,1,0,1
11001007200,1,27,1,20391,11001007200,0,1,0,1
11001007200,1,27,1,20388,11001007200,0,1,1,1
11001007200,1,27,1,20380,11001007200,0,0,1,1
11001007200,1,27,1,20376,11001007200,0,1,0,1
11001007200,1,27,1,20374,11001007200,0,0.9816513761,1,0.982300885
11001007200,1,27,1,20370,11001007200,0,1,0,1
11001007200,1,27,1,20590,11001007200,0,1,0,1
11001007301,1,44,1,20375,11001007301,0,1,0,1
11001007301,1,44,1,20373,11001007301,0,1,1,1
11001007301,1,44,1,20340,11001007301,0,1,0,1
11001007301,1,44,1,20032,11001007301,0.0632514375,0.0591304348,0.0649786455,0.0634076887
11001007304,0.367,39,0.367,20032,11001007304,0.0886914097,0.1234782609,0.1031116534,0.0918841955
11001007304,0.633,38,0.633,20032,11001007304,0.0886914097,0.1234782609,0.1031116534,0.0918841955
11001007401,0.978,37,0.978,20020,11001007401,0.0468783204,0.0544488712,0.0267165375,0.0443889384
11001007401,0.978,37,0.978,20242,11001007401,0,0.2,0,0.2
11001007401,0.022,28,0.022,20020,11001007401,0.0468783204,0.0544488712,0.0267165375,0.0443889384
11001007401,0.022,28,0.022,20242,11001007401,0,0.2,0,0.2
11001007403,1,38,1,20020,11001007403,0.0467508181,0.0504648074,0.0595778787,0.0485637823
11001007404,0.007,43,0.007,20032,11001007404,0.0017424638,0.0069565217,0,0.0016136687
11001007404,0.007,43,0.007,20020,11001007404,0.053083429,0.0305444887,0.0422121293,0.0510258698
11001007404,0.993,38,0.993,20032,11001007404,0.0017424638,0.0069565217,0,0.0016136687
11001007404,0.993,38,0.993,20020,11001007404,0.053083429,0.0305444887,0.0422121293,0.0510258698
11001007406,1,37,1,20020,11001007406,0.0479833397,0.02124834,0.0408763024,0.0463157895
11001007407,1,37,1,20020,11001007407,0.0581835182,0.0398406375,0.0443494523,0.0558429973
11001007408,1,36,1,20020,11001007408,0.0483233457,0.0239043825,0.084691424,0.0525245317
11001007409,1,38,1,20020,11001007409,0.0674486804,0.0332005312,0.0312583489,0.0616949153
11001007502,1,36,1,20020,11001007502,0.0777338603,0.0650730412,0.0886989046,0.0788581624
11001007503,1,28,1,20020,11001007503,0.0456457988,0.2403718459,0.0483569329,0.0512399643
11001007504,0.013,36,0.013,20020,11001007504,0.0556759743,0.0292164675,0.0635853593,0.0560214095
11001007504,0.987,28,0.987,20020,11001007504,0.0556759743,0.0292164675,0.0635853593,0.0560214095
11001007601,1,34,1,20020,11001007601,0.0991542352,0.1248339973,0.1138124499,0.1018019625
11001007603,1,35,1,20020,11001007603,0.0979642144,0.0571049137,0.1998397008,0.1104727921
11001007604,0.328,35,0.328,20030,11001007604,1,1,1,1
11001007604,0.328,35,0.328,20020,11001007604,0.0879340388,0.0929614874,0.0830884317,0.0874219447
11001007604,0.672,34,0.672,20030,11001007604,1,1,1,1
11001007604,0.672,34,0.672,20020,11001007604,0.0879340388,0.0929614874,0.0830884317,0.0874219447
11001007605,0.154,35,0.154,20020,11001007605,0.0787113774,0.0305444887,0.0488912637,0.0734344335
11001007605,0.846,34,0.846,20020,11001007605,0.0787113774,0.0305444887,0.0488912637,0.0734344335
11001007703,0.218,33,0.218,20019,11001007703,0.092951833,0.0325443787,0.0998735777,0.0925084009
11001007703,0.782,32,0.782,20019,11001007703,0.092951833,0.0325443787,0.0998735777,0.0925084009
11001007707,1,33,1,20019,11001007707,0.0713369358,0.0562130178,0.0475347661,0.0678987942
11001007708,1,32,1,20019,11001007708,0.0493721572,0.0192307692,0.0776232617,0.0523818937
11001007709,1,34,1,20020,11001007709,0.015087764,0.0345285525,0.012823938,0.0153077609
11001007709,1,34,1,20019,11001007709,0.0328888543,0.0340236686,0.0672566372,0.0373921065
11001007803,0.832,30,0.832,20019,11001007803,0.0653889515,0.1227810651,0.0872313527,0.069513079
11001007803,0.168,33,0.168,20019,11001007803,0.0653889515,0.1227810651,0.0872313527,0.069513079
11001007804,0.229,33,0.229,20019,11001007804,0.0601407301,0.100591716,0.0442477876,0.0589708111
11001007804,0.538,31,0.538,20019,11001007804,0.0601407301,0.100591716,0.0442477876,0.0589708111
11001007804,0.233,30,0.233,20019,11001007804,0.0601407301,0.100591716,0.0442477876,0.0589708111
11001007806,1,31,1,20019,11001007806,0.0437351786,0.0621301775,0.0442477876,0.044211636
11001007807,1,31,1,20019,11001007807,0.0353380243,0.0458579882,0.0298356511,0.0348553733
11001007808,0.098,33,0.098,20019,11001007808,0.0647280644,0.0680473373,0.0391908976,0.0614745997
11001007808,0.902,31,0.902,20019,11001007808,0.0647280644,0.0680473373,0.0391908976,0.0614745997
11001007809,1,31,1,20019,11001007809,0.0491777786,0.0458579882,0.0252844501,0.0459906437
11001007901,1,25,1,20002,11001007901,0.0595649593,0.0246753247,0.0694645441,0.0586509445
11001007903,1,25,1,20002,11001007903,0.0297824797,0.0186147186,0.0312176969,0.0292556164
11001008001,1,25,1,20002,11001008001,0.0484270801,0.0125541126,0.0243952863,0.0428635297
11001008002,0.442,25,0.442,20033,11001008002,1,1,1,1
11001008002,0.442,25,0.442,20003,11001008002,0.0082833476,0.0086893555,0.0100953449,0.0085041938
11001008002,0.442,25,0.442,20002,11001008002,0.0529311127,0.0095238095,0.0496175315,0.0496814575
11001008002,0.558,26,0.558,20033,11001008002,1,1,1,1
11001008002,0.558,26,0.558,20003,11001008002,0.0082833476,0.0086893555,0.0100953449,0.0085041938
11001008002,0.558,26,0.558,20002,11001008002,0.0529311127,0.0095238095,0.0496175315,0.0496814575
11001008100,0.289,26,0.289,20003,11001008100,0.003784633,0,0.005608525,0.0036696179
11001008100,0.289,26,0.289,20002,11001008100,0.0495094445,0.0151515152,0.0516849287,0.0475857829
11001008100,0.711,25,0.711,20003,11001008100,0.003784633,0,0.005608525,0.0036696179
11001008100,0.711,25,0.711,20002,11001008100,0.0495094445,0.0151515152,0.0516849287,0.0475857829
11001008200,0.663,26,0.663,20003,11001008200,0.0135675521,0.0079652426,0.0162647224,0.0133970177
11001008200,0.663,26,0.663,20002,11001008200,0.0473796306,0.0614718615,0.0595410378,0.0499329384
11001008200,0.003,45,0.003,20003,11001008200,0.0135675521,0.0079652426,0.0162647224,0.0133970177
11001008200,0.003,45,0.003,20002,11001008200,0.0473796306,0.0614718615,0.0595410378,0.0499329384
11001008200,0.334,25,0.334,20003,11001008200,0.0135675521,0.0079652426,0.0162647224,0.0133970177
11001008200,0.334,25,0.334,20002,11001008200,0.0473796306,0.0614718615,0.0595410378,0.0499329384
11001008301,1,25,1,20002,11001008301,0.0393840997,0.0822510823,0.0382468472,0.0419973175
11001008302,1,25,1,20002,11001008302,0.0354387067,0.0216450216,0.0363861898,0.0346764279
11001008402,1,25,1,20002,11001008402,0.0434691526,0.0476190476,0.0297705189,0.0418855482
11001008410,1,25,1,20002,11001008410,0.0230438881,0.0523809524,0.0111639446,0.0233318431
11001008701,1,21,1,20002,11001008701,0.0433644077,0.0199134199,0.0303907381,0.0400972393
11001008702,1,21,1,20002,11001008702,0.0324011033,0.0316017316,0.0394872855,0.0333072538
11001008702,1,21,1,20260,11001008702,0,0.1666666667,0,0.1111111111
11001008802,1,23,1,20002,11001008802,0.0688523445,0.0307359307,0.0802150093,0.067927797
11001008803,1,23,1,20002,11001008803,0.0273733459,0.0991341991,0.0570601613,0.0360176596
11001008803,1,23,1,20242,11001008803,0,0.2,0,0.2
11001008804,1,23,1,20002,11001008804,0.0508012988,0.0341991342,0.1240438288,0.0596289259
11001008903,1,23,1,20002,11001008903,0.0587968297,0.012987013,0.0690510647,0.0572258858
11001008904,1,23,1,20002,11001008904,0.0900108236,0.0601731602,0.0986148439,0.0892477926
11001009000,1,24,1,20018,11001009000,0.2154208358,0.0278833967,0.0579216354,0.1910647351
11001009102,1,22,1,20018,11001009102,0.2534432019,0.1723700887,0.7223168654,0.274845507
11001009102,1,22,1,20002,11001009102,0,0.0043290043,0.0004134794,0.0003353079
11001009102,1,22,1,20042,11001009102,0,1,0,1
11001009102,1,22,1,20090,11001009102,1,1,1,1
11001009102,1,22,1,20318,11001009102,0,0,1,1
11001009102,1,22,1,20066,11001009102,0,1,1,1
11001009102,1,22,1,20244,11001009102,0,1,0,1
11001009102,1,22,1,20050,11001009102,0,0,1,1
11001009201,1,21,1,20002,11001009201,0.0013267693,0,0.0022741369,0.001369174
11001009201,1,21,1,20017,11001009201,0.0754284335,0.1082390953,0.2306397306,0.0872723445
11001009203,1,21,1,20002,11001009203,0.0439928773,0.0090909091,0.0155054786,0.0378897955
11001009204,1,21,1,20002,11001009204,0.0085192556,0.0194805195,0.0049617532,0.0087459484
11001009204,1,21,1,20017,11001009204,0.122978518,0.0226171244,0.1346801347,0.1171702284
11001009301,0.998,22,0.998,20018,11001009301,0.0534432019,0.0570342205,0.0170357751,0.051565191
11001009301,0.998,22,0.998,20017,11001009301,0.1782524741,0.49273021,0.0387205387,0.1900200021
11001009301,0.002,21,0.002,20018,11001009301,0.0534432019,0.0570342205,0.0170357751,0.051565191
11001009301,0.002,21,0.002,20017,11001009301,0.1782524741,0.49273021,0.0387205387,0.1900200021
11001009302,1,22,1,20018,11001009302,0.0347263096,0.062103929,0.0442930153,0.0374835376
11001009302,1,22,1,20017,11001009302,0.0293265749,0.0484652666,0.0067340067,0.0291609643
11001009400,0.542,24,0.542,20018,11001009400,0.2089464391,0.1229404309,0.0442930153,0.1922804174
11001009400,0.542,24,0.542,20017,11001009400,0,0.0016155089,0,0.0001052742
11001009400,0.318,22,0.318,20018,11001009400,0.2089464391,0.1229404309,0.0442930153,0.1922804174
11001009400,0.318,22,0.318,20017,11001009400,0,0.0016155089,0,0.0001052742
11001009400,0.141,20,0.141,20018,11001009400,0.2089464391,0.1229404309,0.0442930153,0.1922804174
11001009400,0.141,20,0.141,20017,11001009400,0,0.0016155089,0,0.0001052742
11001009501,0.543,20,0.543,20017,11001009501,0.0391020999,0.0274636511,0.0707070707,0.0403200337
11001009501,0.543,20,0.543,20011,11001009501,0.0628994544,0.0211397059,0.1757884972,0.0697481317
11001009501,0.543,20,0.543,20064,11001009501,0,1,0,1
11001009501,0.457,19,0.457,20017,11001009501,0.0391020999,0.0274636511,0.0707070707,0.0403200337
11001009501,0.457,19,0.457,20011,11001009501,0.0628994544,0.0211397059,0.1757884972,0.0697481317
11001009501,0.457,19,0.457,20064,11001009501,0,1,0,1
11001009503,0.011,24,0.011,20018,11001009503,0.0151854032,0.0025348542,0,0.0132711985
11001009503,0.011,24,0.011,20017,11001009503,0.1457880763,0.0290791599,0,0.1290662175
11001009503,0.113,22,0.113,20018,11001009503,0.0151854032,0.0025348542,0,0.0132711985
11001009503,0.113,22,0.113,20017,11001009503,0.1457880763,0.0290791599,0,0.1290662175
11001009503,0.876,20,0.876,20018,11001009503,0.0151854032,0.0025348542,0,0.0132711985
11001009503,0.876,20,0.876,20017,11001009503,0.1457880763,0.0290791599,0,0.1290662175
11001009504,1,20,1,20017,11001009504,0.1728216268,0.2326332795,0.4343434343,0.193072955
11001009505,0.875,19,0.875,20012,11001009505,0.0147034528,0,0,0.0130364728
11001009505,0.875,19,0.875,20011,11001009505,0.044193297,0.0790441176,0.0273654917,0.0442499308
11001009505,0.125,17,0.125,20012,11001009505,0.0147034528,0,0,0.0130364728
11001009505,0.125,17,0.125,20011,11001009505,0.044193297,0.0790441176,0.0273654917,0.0442499308
11001009507,1,19,1,20011,11001009507,0.0240452065,0.0055147059,0.0018552876,0.0216924993
11001009508,1,19,1,20017,11001009508,0.0129133478,0.0048465267,0.0067340067,0.0120012633
11001009508,1,19,1,20011,11001009508,0.0622369447,0.0257352941,0.0408163265,0.0592651536
11001009508,1,19,1,20039,11001009508,1,1,1,1
11001009509,1,20,1,20017,11001009509,0.1562877142,0.0177705977,0,0.1374881566
11001009601,0.107,31,0.107,20019,11001009601,0.03428838,0.099112426,0.01517067,0.0332410885
11001009601,0.893,29,0.893,20019,11001009601,0.03428838,0.099112426,0.01517067,0.0332410885
11001009602,1,30,1,20019,11001009602,0.0620456401,0.0221893491,0.0940581542,0.0653291164
11001009603,1,32,1,20029,11001009603,1,1,1,1
11001009603,1,32,1,20026,11001009603,1,1,1,1
11001009603,1,32,1,20019,11001009603,0.0685378844,0.1331360947,0.0740834387,0.0706990841
11001009604,1,32,1,20019,11001009604,0.0390312172,0.0266272189,0.009608091,0.0349212624
11001009700,1,39,1,20032,11001009700,0.0853226462,0.0347826087,0.0427089689,0.0773137162
11001009801,1,39,1,20032,11001009801,0.0526804902,0.0347826087,0.0271507016,0.0482202183
11001009802,1,39,1,20032,11001009802,0.0508799442,0.0139130435,0.0353874314,0.0474608448
11001009803,1,39,1,20032,11001009803,0.0877040135,0.0347826087,0.1150091519,0.090507831
11001009804,1,39,1,20032,11001009804,0.0616251379,0.0434782609,0.0442342892,0.0584243
11001009807,0.114,44,0.114,20032,11001009807,0.0905500378,0.107826087,0.0967053081,0.0919791172
11001009807,0.886,39,0.886,20032,11001009807,0.0905500378,0.107826087,0.0967053081,0.0919791172
11001009810,1,39,1,20032,11001009810,0.0713248533,0.0347826087,0.1150091519,0.0771238728
11001009811,1,39,1,20032,11001009811,0.1615263983,0.2347826087,0.1043319097,0.1546274324
11001009901,1,34,1,20020,11001009901,0.0292405117,0.0557768924,0.002137323,0.0263336307
11001009901,1,34,1,20019,11001009901,0.0150449015,0.0044378698,0.0083438685,0.0139355604
11001009902,0.837,34,0.837,20020,11001009902,0.0442007735,0.015936255,0.008549292,0.0386797502
11001009902,0.837,34,0.837,20019,11001009902,0.0108463243,0.0118343195,0.002528445,0.0097845424
11001009902,0.163,32,0.163,20020,11001009902,0.0442007735,0.015936255,0.008549292,0.0386797502
11001009902,0.163,32,0.163,20019,11001009902,0.0108463243,0.0118343195,0.002528445,0.0097845424
11001009903,1,33,1,20019,11001009903,0.0284958986,0.025147929,0.00505689,0.0253673321
11001009904,1,33,1,20019,11001009904,0.0462621001,0.0192307692,0.0432364096,0.0452658628
11001009905,1,33,1,20019,11001009905,0.0554367687,0.0295857988,0.0510745891,0.0542926797
11001009906,1,33,1,20019,11001009906,0.0295066672,0.0266272189,0.0346396966,0.0301113527
11001009907,1,33,1,20019,11001009907,0.0454457101,0.0147928994,0.0998735777,0.0518547803
11001010100,0.686,8,0.686,20001,11001010100,0.0079102546,0.0526777875,0.0053908356,0.01161887
11001010100,0.686,8,0.686,20006,11001010100,0,0.0038910506,0.0092165899,0.0031220731
11001010100,0.686,8,0.686,20005,11001010100,0.242179942,0.712357217,0.2859116022,0.3497986993
11001010100,0.686,8,0.686,20043,11001010100,1,1,1,1
11001010100,0.686,8,0.686,20036,11001010100,0,0.0083472454,0.0070671378,0.003908046
11001010100,0.686,8,0.686,20424,11001010100,0,1,1,1
11001010100,0.686,8,0.686,20420,11001010100,0,1,0,1
11001010100,0.686,8,0.686,20572,11001010100,0,1,0,1
11001010100,0.686,8,0.686,20571,11001010100,0,1,0,1
11001010100,0.686,8,0.686,20223,11001010100,0,0.5,0,0.5
11001010100,0.686,8,0.686,20071,11001010100,0,1,0,1
11001010100,0.686,8,0.686,20533,11001010100,0,1,0,1
11001010100,0.686,8,0.686,20530,11001010100,0,0.25,0,0.25
11001010100,0.686,8,0.686,20268,11001010100,0,1,0,1
11001010100,0.686,8,0.686,20439,11001010100,0,1,0,1
11001010100,0.686,8,0.686,20230,11001010100,0,0.5,0,0.5
11001010100,0.686,8,0.686,20229,11001010100,0,0.1495327103,0.0833333333,0.1428571429
11001010100,0.314,6,0.314,20001,11001010100,0.0079102546,0.0526777875,0.0053908356,0.01161887
11001010100,0.314,6,0.314,20006,11001010100,0,0.0038910506,0.0092165899,0.0031220731
11001010100,0.314,6,0.314,20005,11001010100,0.242179942,0.712357217,0.2859116022,0.3497986993
11001010100,0.314,6,0.314,20043,11001010100,1,1,1,1
11001010100,0.314,6,0.314,20036,11001010100,0,0.0083472454,0.0070671378,0.003908046
11001010100,0.314,6,0.314,20424,11001010100,0,1,1,1
11001010100,0.314,6,0.314,20420,11001010100,0,1,0,1
11001010100,0.314,6,0.314,20572,11001010100,0,1,0,1
11001010100,0.314,6,0.314,20571,11001010100,0,1,0,1
11001010100,0.314,6,0.314,20223,11001010100,0,0.5,0,0.5
11001010100,0.314,6,0.314,20071,11001010100,0,1,0,1
11001010100,0.314,6,0.314,20533,11001010100,0,1,0,1
11001010100,0.314,6,0.314,20530,11001010100,0,0.25,0,0.25
11001010100,0.314,6,0.314,20268,11001010100,0,1,0,1
11001010100,0.314,6,0.314,20439,11001010100,0,1,0,1
11001010100,0.314,6,0.314,20230,11001010100,0,0.5,0,0.5
11001010100,0.314,6,0.314,20229,11001010100,0,0.1495327103,0.0833333333,0.1428571429
11001010200,1,9,1,20228,11001010200,0,1,0,1
11001010200,1,9,1,20202,11001010200,0,1,1,1
11001010200,1,9,1,20414,11001010200,0,1,0,1
11001010200,1,9,1,20411,11001010200,0,1,0,1
11001010200,1,9,1,20410,11001010200,0,1,0,1
11001010200,1,9,1,20597,11001010200,0,1,0,1
11001010200,1,9,1,20594,11001010200,0,1,0,1
11001010200,1,9,1,20591,11001010200,0,1,0,1
11001010200,1,9,1,20585,11001010200,0,1,0,1
11001010200,1,9,1,20554,11001010200,0,1,0,1
11001010200,1,9,1,20553,11001010200,0,1,0,1
11001010200,1,9,1,20547,11001010200,0,1,0,1
11001010200,1,9,1,20289,11001010200,0,1,0,1
11001010200,1,9,1,20260,11001010200,0,0.8333333333,1,0.8888888889
11001010200,1,9,1,20065,11001010200,0,1,0,1
11001010200,1,9,1,20254,11001010200,0,1,0,1
11001010200,1,9,1,20472,11001010200,0,0.5454545455,0.7142857143,0.575
11001010200,1,9,1,20229,11001010200,0,0.0654205607,0.1666666667,0.0756302521
11001010200,1,9,1,20024,11001010200,0.1802571249,0.4820846906,0.2870588235,0.2061913546
11001010200,1,9,1,20013,11001010200,1,1,1,1
11001010300,0.121,40,0.121,20012,11001010300,0.2177432678,0.1524390244,0.2375886525,0.2138567453
11001010300,0.121,40,0.121,20306,11001010300,0,1,0,1
11001010300,0.879,17,0.879,20012,11001010300,0.2177432678,0.1524390244,0.2375886525,0.2138567453
11001010300,0.879,17,0.879,20306,11001010300,0,1,0,1
11001010400,1,39,1,20032,11001010400,0.1032119417,0.2052173913,0.1323978035,0.1105363075
11001010400,1,39,1,20020,11001010400,0,0,0.0005343308,0.0000713649
11001010500,1,9,1,20024,11001010500,0.3763373191,0.4364820847,0.1152941176,0.371882268
11001010500,1,9,1,20003,11001010500,0,0.0391020999,0.001121705,0.0032618826
11001010500,1,9,1,20229,11001010500,0,0.0186915888,0.0833333333,0.025210084
11001010500,1,9,1,20423,11001010500,0,1,0,1
11001010500,1,9,1,20204,11001010500,0,1,0,1
11001010500,1,9,1,20053,11001010500,0,1,0,1
11001010500,1,9,1,20416,11001010500,0,1,0,1
11001010500,1,9,1,20201,11001010500,0,0.6666666667,0,0.6666666667
11001010500,1,9,1,20403,11001010500,0,1,0,1
11001010500,1,9,1,20546,11001010500,0,1,0,1
11001010500,1,9,1,20219,11001010500,0,1,0,1
11001010500,1,9,1,20515,11001010500,0,0,0.0064935065,0.0064935065
11001010500,1,9,1,20472,11001010500,0,0.1515151515,0.1428571429,0.15
11001010500,1,9,1,20237,11001010500,0,1,0,1
11001010600,0.989,25,0.989,20229,11001010600,0,0.0186915888,0.0833333333,0.025210084
11001010600,0.989,25,0.989,20417,11001010600,0,1,0,1
11001010600,0.989,25,0.989,20407,11001010600,0,1,0,1
11001010600,0.989,25,0.989,20404,11001010600,0,1,0,1
11001010600,0.989,25,0.989,20402,11001010600,0,1,0,1
11001010600,0.989,25,0.989,20549,11001010600,0,0.5,0,0.0113636364
11001010600,0.989,25,0.989,20544,11001010600,0,1,1,1
11001010600,0.989,25,0.989,20529,11001010600,0,0.16,0.25,0.1666666667
11001010600,0.989,25,0.989,20507,11001010600,0,1,0,1
11001010600,0.989,25,0.989,20212,11001010600,0,1,1,1
11001010600,0.989,25,0.989,20426,11001010600,0,1,0,1
11001010600,0.989,25,0.989,20002,11001010600,0.112530987,0.2523809524,0.0560264627,0.1139208673
11001010600,0.011,21,0.011,20229,11001010600,0,0.0186915888,0.0833333333,0.025210084
11001010600,0.011,21,0.011,20417,11001010600,0,1,0,1
11001010600,0.011,21,0.011,20407,11001010600,0,1,0,1
11001010600,0.011,21,0.011,20404,11001010600,0,1,0,1
11001010600,0.011,21,0.011,20402,11001010600,0,1,0,1
11001010600,0.011,21,0.011,20549,11001010600,0,0.5,0,0.0113636364
11001010600,0.011,21,0.011,20544,11001010600,0,1,1,1
11001010600,0.011,21,0.011,20529,11001010600,0,0.16,0.25,0.1666666667
11001010600,0.011,21,0.011,20507,11001010600,0,1,0,1
11001010600,0.011,21,0.011,20212,11001010600,0,1,1,1
11001010600,0.011,21,0.011,20426,11001010600,0,1,0,1
11001010600,0.011,21,0.011,20002,11001010600,0.112530987,0.2523809524,0.0560264627,0.1139208673
11001010700,1,6,1,20035,11001010700,1,1,1,1
11001010700,1,6,1,20006,11001010700,0,0.8983463035,0.8110599078,0.6315953793
11001010700,1,6,1,20037,11001010700,0.0539971172,0.2021390374,0.1229508197,0.0698643411
11001010700,1,6,1,20036,11001010700,0.4303964758,0.8644963829,0.5159010601,0.6152873563
11001010700,1,6,1,20421,11001010700,0,1,0,1
11001010700,1,6,1,20203,11001010700,0,1,0,1
11001010700,1,6,1,20419,11001010700,0,1,0,1
11001010700,1,6,1,20229,11001010700,0,0.0186915888,0.0833333333,0.025210084
11001010700,1,6,1,20226,11001010700,0,0.0909090909,0,0.0909090909
11001010700,1,6,1,20577,11001010700,0,0.3333333333,0,0.3333333333
11001010700,1,6,1,20555,11001010700,0,1,0,1
11001010700,1,6,1,20223,11001010700,0,0.1666666667,0,0.1666666667
11001010700,1,6,1,20218,11001010700,0,1,0,1
11001010700,1,6,1,20526,11001010700,0,1,0,1
11001010700,1,6,1,20063,11001010700,0,1,0,1
11001010700,1,6,1,20503,11001010700,0,0,0.75,0.75
11001010700,1,6,1,20240,11001010700,0,0.5,0,0.5
11001010700,1,6,1,20062,11001010700,0,1,0,1
11001010700,1,6,1,20437,11001010700,0,1,0,1
11001010700,1,6,1,20434,11001010700,0,1,0,1
11001010700,1,6,1,20433,11001010700,0,0.5,0,0.5
11001010700,1,6,1,20427,11001010700,0,1,0,1
11001010800,1,5,1,20415,11001010800,0,1,0,1
11001010800,1,5,1,20405,11001010800,0,1,0,1
11001010800,1,5,1,20226,11001010800,0,0.1818181818,0,0.1818181818
11001010800,1,5,1,20052,11001010800,0.9638554217,0.9444444444,1,0.9568345324
11001010800,1,5,1,20223,11001010800,0,0.1666666667,0,0.1666666667
11001010800,1,5,1,20552,11001010800,0,1,0,1
11001010800,1,5,1,20508,11001010800,0,1,0,1
11001010800,1,5,1,20505,11001010800,0,1,0,1
11001010800,1,5,1,20240,11001010800,0,0.5,0,0.5
11001010800,1,5,1,20451,11001010800,0,1,0,1
11001010800,1,5,1,20433,11001010800,0,0.5,0,0.5
11001010800,1,5,1,20431,11001010800,0,1,0,1
11001010800,1,5,1,20429,11001010800,0,1,0,1
11001010800,1,5,1,20006,11001010800,1,0.0963035019,0.1658986175,0.3634093038
11001010800,1,5,1,20037,11001010800,0.017851203,0.0898395722,0.0409836066,0.0251937984
11001010900,1,39,1,20032,11001010900,0.0814892258,0.0660869565,0.1189749847,0.0869008068
11001011000,1,9,1,20024,11001011000,0.3408253169,0.0249728556,0.2352941176,0.3138984682
11001011000,1,9,1,20319,11001011000,1,0.9761904762,1,0.9857142857
11001011100,0.328,24,0.328,20018,11001011100,0.2188346086,0.5551330798,0.1141396934,0.2394894134
11001011100,0.328,24,0.328,20002,11001011100,0.0094619601,0.058008658,0.0097167666,0.0126299318
11001011100,0.133,23,0.133,20018,11001011100,0.2188346086,0.5551330798,0.1141396934,0.2394894134
11001011100,0.133,23,0.133,20002,11001011100,0.0094619601,0.058008658,0.0097167666,0.0126299318
11001011100,0.539,22,0.539,20018,11001011100,0.2188346086,0.5551330798,0.1141396934,0.2394894134
11001011100,0.539,22,0.539,20002,11001011100,0.0094619601,0.058008658,0.0097167666,0.0126299318
